Antibody,heavy,light,HC_mut,LC_mut,Design,Tm,fitness
s309,QVQLVQSGAEVKKPGASVKVSCKASGYPFTSYGISWVRQAPGQGLEWMGWISTYNGNTNYAQKFQGRVTMTTDTSTTTGYMELRRLRSDDTAVYYCARDYTRGAWFGESLIGGFDNWGQGTLVTVSS,EIVLTQSPGTLSLSPGERATLSCRASQTVSSTSLAWYQQKPGQAPRLLIYGASSRATGIPDRFSGSGSGTDFTLTISRLEPEDFAVYYCQQHDTSLTFGGGTKVEIK,S309 VH,S309 VK,S309,72.49,72.49
s309,QVQLVQSGAEVKKPGASVKVSCKASGYPFTSYGISWVRQAPGQGLEWMGWISTYNGNTNYAQKFQGRVTMTTDTSTNTAYMELSRLRSDDTAVYYCARDYTRGAWFGESLIGGFDNWGQGTLVTVSS,EIVLTQSPGTLSLSPGERATLSCRASQTVSSTSLAWYQQKPGQAPRLLIYGASSRATGIPDRFSGSGSGTDFTLTISRLEPEDFAVYYCQQHDTSLTFGGGTKVEIK,T77N-G79A-R84S,S309 VK,T77N-G79A-R84S,74.88333333,74.88333333
s309,QVQLVQSGAEVKKPGASVKVSCKASGYPFTSYGISWVRQAPGQGLEWMGWISTYNGNTNYAQKFQGRVTMTTDTSTNTAYMELSSLRSDDTAVYYCARDYTRGAWFGESLIGGFDNWGQGTLVTVSS,EIVLTQSPGTLSLSPGERATLSCRASQTVSSTSLAWYQQKPGQAPRLLIYGASSRATGIPDRFSGSGSGTDFTLTISRLEPEDFAVYYCQQHDTSLTFGGGTKVEIK,T77N-G79A-R84S-R85S,S309 VK,T77N-G79A-R84S-R85S,74.73666667,74.73666667
s309,QVQLVQSGAEVKKPGASVKVSCKASGYPFTSYGISWVRQAPGQGLEWMGWISTYNGNTNYAQKFQGRVTMTTDTSTTTGYMELRRLRSDDTAVYYCARDYTRGAWFGESLIGGFDNWGQGTLVTVSS,EIVLTQSPGTLSLSPGERATLSCRASQSVSSNSLAWYQQKPGQAPRLLIYGASSRATGIPDRFSGSGSGTDFTLTISRLEPEDFAVYYCQQHDTSLTFGGGTKVEIK,S309 VH,T28S-T32N,T28S-T32N,73.23333333,73.23333333
s309,QVQLVQSGAEVKKPGASVKVSCKASGYPFTSYGISWVRQAPGQGLEWMGWISTYNGNTNYAQKFQGRVTMTTDTSTTTAYMELRRLRSDDTAVYYCARDYTRGAWFGESLIGGFDNWGQGTLVTVSS,EIVLTQSPGTLSLSPGERATLSCRASQSVSSTSLAWYQQKPGQAPRLLIYGASSRATGIPDRFSGSGSGTDFTLTISRLEPEDFAVYYCQQHDTSLTFGGGTKVEIK,G79A,T28S,G79A/T28S,72.81666667,72.81666667
s309,QVQLVQSGAEVKKPGASVKVSCKASGYPFTSYGISWVRQAPGQGLEWMGWISTYNGNTNYAQKFQGRVTMTTDTSTTTGYMELSRLRSDDTAVYYCARDYTRGAWFGESLIGGFDNWGQGTLVTVSS,EIVLTQSPGTLSLSPGERATLSCRASQSVSSTSLAWYQQKPGQAPRLLIYGASSRATGIPDRFSGSGSGTDFTLTISRLEPEDFAVYYCQQHDTSLTFGGGTKVEIK,R84S,T28S,R84S/T28S,72.28,72.28
s309,QVQLVQSGAEVKKPGASVKVSCKASGYPFTSYGISWVRQAPGQGLEWMGWISTYNGNTNYAQKFQGRVTMTTDTSTTTGYMELRRLTSDDTAVYYCARDYTRGAWFGESLIGGFDNWGQGTLVTVSS,EIVLTQSPGTLSLSPGERATLSCRASQSVSSTSLAWYQQKPGQAPRLLIYGASSRATGIPDRFSGSGSGTDFTLTISRLEPEDFAVYYCQQHDTSLTFGGGTKVEIK,R87T,T28S,R87T/T28S,72.72666667,72.72666667
s309,QVQLVQSGAEVKKPGASVKVSCKASGYPFTSYGISWVRQAPGQGLEWMGWISTYNGNTNYAQKFQGRVTMTTDTSTNTAYMELSRLRSDDTAVYYCARDYTRGAWFGESLIGGFDNWGQGTLVTVSS,EIVLTQSPGTLSLSPGERATLSCRASQSVSSTSLAWYQQKPGQAPRLLIYGASSRATGIPDRFSGSGSGTDFTLTISRLEPEDFAVYYCQQHDTSLTFGGGTKVEIK,T77N-G79A-R84S,T28S,T77N-G79A-R84S/T28S,74.94333333,74.94333333
s309,QVQLVQSGAEVKKPGASVKVSCKASGYPFTSYGISWVRQAPGQGLEWMGWISTYNGNTNYAQKFQGRVTMTTDTSTNTAYMELSRLRSDDTAVYYCARDYTRGAWFGESLIGGFDNWGQGTLVTVSS,EIVLTQSPGTLSLSPGERATLSCRASQSVSSNSLAWYQQKPGQAPRLLIYGASSRATGIPDRFSGSGSGTDFTLTISRLEPEDFAVYYCQQHDTSLTFGGGTKVEIK,T77N-G79A-R84S,T28S-T32N,T77N-G79A-R84S/T28S-T32N,75.57,75.57
s309,QVQLVQSGAEVKKPGASVKVSCKASGYPFTSYGISWVRQAPGQGLEWMGWISTYNGNTNYAQKFQGRVTMTTDTSTNTAYMELSSLRSDDTAVYYCARDYTRGAWFGESLIGGFDNWGQGTLVTVSS,EIVLTQSPGTLSLSPGERATLSCRASQSVSSNSLAWYQQKPGQAPRLLIYGASSRATGIPDRFSGSGSGTDFTLTISRLEPEDFAVYYCQQHDTSLTFGGGTKVEIK,T77N-G79A-R84S-R85S,T28S-T32N,T77N-G79A-R84S-R85S/T28S-T32N,75.63666667,75.63666667