heavy,label_tm,label_expr,p_tm,p_expr,p_dev,label_dev
DVSLTQSDSDVRKPGGSVIISCQLNGGTYGTYSINWVRQGMGQGLEWMGAIIPIFGKTRYHQKFQGRVTITADDSKNTAYIHLTNLTSEDTAVYYCAVVEDTALDHYFDYWGQGTLVIVSS,0,0,0.13377656399843796,0.6002123948724425,0.08029435185530902,0
DVSLTQSDSDVRKPGSSVKLSCKTSDGTYGTYSINWVRQGTGQGLEWMGAIIPIFGKTNYHQKFQGRVTITADDSTRTAYMELTSLTSEDTAVYYCAVVQDTALDHYFDYWGQGTLVIVSS,0,1,0.20895653834794595,0.006770642217149008,0.0014147699600879184,0
EVQLLESGGGLVQPGGSLRLSCAASGFTFSSFPMAWVRQAPGKGLEWVSTISTSGGRTYYRDSVKGRFTISRDNSKNTLYLQMNSLRAEDTAVYYCAKFRQYSGGFDYWGQGTLVTVSS,1,1,0.9412333332548528,0.9999320001606479,0.9411693295393986,1
EVQLLESGGGLVQPGGSLRLSCAASGFTFSSFSMSWVRQAPGKGLEWVSSISGSSGTTYYADSVKGRFTISRDNSKNTLYLQMNSLRAEDTAVYYCAKPFPYFDYWGQGTLVTVSS,1,1,0.9773487700495381,0.9125207754422547,0.8918510575231384,1
EVQLLESGGGLVQPGGSLRLSCAVSGFTFNSFAMSWVRQAPGKGLEWVSAISGSGGGTYYADSVKGRFTISRDNSKNTLYLQMNSLRAEDTAVYFCAKDKILWFGEPVFDYWGQGTLVTVSS,1,1,0.6074891549824935,0.9235406592310371,0.5610409346682377,1
EVQLLESGGGLVQPGGSLRLSCTASGFTFSSYAMNWVRQAPGKGLEWVSAISGSGGTTFYADSVKGRFTISRDNSRTTLYLQMNSLRAEDTAVYYCAKDLGWSDSYYYYYGMDVWGQGTTVTVSS,0,0,0.7190513832307038,0.9944312653191394,0.7150471768555863,0
EVQLVESGGGLEQPGGSLRLSCAGSGFTFRDYAMTWVRQAPGKGLEWVSSISGSGGNTYYADSVKGRFTISRDNSKNTLYLQMNSLRAEDTAVYYCAKDRLSITIRPRYYGLDVWGQGTTVTVSS,1,1,0.999913428889883,0.4806804493169188,0.48063883627680987,1
EVQLVESGGGLVQPGGSLRLSCAASGFDFSRYWMSWVRQAPGKGLEWIGEINPDSSTINYAPSLKDKFIISRDNAKNSLYLQMNSLRAEDTAVYYCARPDGNYWYFDVWGQGTLVTVSS,1,1,0.7007461243998103,0.992578644599779,0.6955456383653118,1
EVQLVESGGGLVQPGGSLRLSCAASGFSLSNYYVTWVRQAPGKGLEWVGIIYGSDETAYATSAIGRFTISRDNSKNTLYLQMNSLRAEDTAVYYCARDDSSDWDAKFNLWGQGTLVTVSS,0,0,0.019267950023247975,0.02485317544598568,0.0004788697424122658,0
EVQLVESGGGLVQPGGSLRLSCAASGFTFNNYAMNWVRQAPGKGLDWVSTISGSGGTTNYADSVKGRFIISRDSSKHTLYLQMNSLRAEDTAVYYCAKDSNWGNFDLWGRGTLVTVSS,1,0,0.1838139096721689,0.8229114565169643,0.1512625721364022,0
EVQLVESGGGLVQPGGSLRLSCAASGFTLSGDWIHWVRQAPGKGLEWVGEISAAGGYTDYADSVKGRFTISADTSKNTAYLQMNSLRAEDTAVYYCARESRVSFEAAMDYWGQGTLVTVSS,0,1,0.9838117600806123,0.9676214632569857,0.9519573748586326,0
EVQLVESGGGLVQPGGSLRLSCAASGYTFTNYGMNWVRQAPGKGLEWVGWINTYTGEPTYAADFKRRFTFSLDTSKSTAYLQMNSLRAEDTAVYYCAKYPHYYGSSHWYFDVWGQGTLVTVSS,0,0,0.29585680388173174,0.0008622413317886843,0.000255099964597728,0
EVQLVESGGKLLKPGGSLKLSCAASGFTFSSFAMSWFRQSPEKRLEWVAEISSGGSYTYYPDTVTGRFTISRDNAKNTLYLEMSSLRSEDTAMYYCARGLWGYYALDYWGQGTSVTVSS,0,0,1.8414443340631894e-13,0.9054288527403149,1.6672968307759867e-13,0
EVQLVQSGAEVKKPGASVKVSCKASGYRFTNYWIHWVRQAPGQGLEWIGGINPGNNYATYRRKFQGRVTMTADTSTSTVYMELSSLRSEDTAVYYCTREGYGNYGAWFAYWGQGTLVTVSS,1,1,0.04365820109737518,0.14555524285144955,0.006354680063185865,1
EVQLVQSGAEVKKPGESLKISCKGSGYIFTNYWIAWVRQMPGKGLESMGIIYPGDSDIRYSPSFQGQVTISADKSITTAYLQWSSLKASDTAMYYCARHDIEGFDYWGRGTLVTVSS,0,0,0.023010715409060932,0.9982616912819459,0.0229707156818567,0
EVQLVQSGGGLVKPGGSLRLSCAASGFTFSSFAMHWVRQAPGKGLEWISVIDTRGATYYADSVKGRFTISRDNAKNSLYLQMNSLRAEDTAVYYCARLGNFYYGMDVWGQGTTVTVSS,1,0,0.07761262774843207,0.9999937727751256,0.07761214443714598,0
EVQLVQSGGGLVKPGGSLRLSCAASGFTFSSYSMNWVRQAPGKGLEWVSSISSSSSYIYYADSVKGRFTISRDNAKNSLYLQMNSLRAEDTAVYYCARVTDAFDIWGQGTMVTVSS,0,0,0.42818419362670174,0.11884429017070945,0.050887246553882985,0
EVQLVQSGGGVERPGGSLRLSCAASGFTFDDYAMSWVRQAPGKGLEWVSGINWQGGSTGYADSVKGRVTISRDNAKNSLYLQMNSLRAEDTAVYYCAKILGAGRGWYFDYWGKGTTVTVSS,0,0,0.9655266410205888,0.00022593215778196575,0.00021814351740175508,0
EVQLVQSGPELKKPGASVKVSCKASGYTFTNYGMNWVRQAPGQGLEWMGWINTYTGETTYADDFKGRFVFSLDTSVSTAYLQISSLKAEDTAVYYCEREGGVNNWGQGTLVTVSS,0,1,0.021560341716620676,0.0005533879372029965,1.193123302795243e-05,0
QLQLQESGPGLVKPSETLSLTCTVSGGSINSSSYYWGWLRQSPGKGLEWIGSFFYTGSTYYNPSLRSRLTISVDTSKNQFSLMLSSVTAADTAVYYCARQSTYYYGSGNYYGWFDRWDQGTLVTVSS,0,0,0.01602519962829858,0.000429276595290916,6.879243135293267e-06,0
QVELVESGGGLVQPGGSLRLSCAASGFTFSSYAMSWVRQAPGKGLEWVSAINASGTRTYYADSVKGRFTISRDNSKNTLYLQMNSLRAEDTAVYYCARGKGNTHKPYGYVRYFDVWGQGTLVTVSS,1,1,0.0006579491361019872,5.6261233180754486e-05,3.7017029767309875e-08,1
QVQLQESGPGLVKPSETLSLTCTVSGGSISIYYWSWIRQPPGKGLEWIGYVYYSGSTNYNPSLKSRVTISVDTSKNQFSLKLNSVTAADTAVYYCARGGYDFWSGYFDYWGQGTLVTVSS,1,1,0.9986339751256541,0.7907322660900477,0.7896521061456208,1
QVQLQESGPGLVKPSQTLSLTCTVSGGSISSFNYYWSWIRHHPGKGLEWIGYIYYSGSTYSNPSLKSRVTISVDTSKNQFSLTLSSVTAADTAVYYCARGYNWNYFDYWGQGTLVTVSS,0,1,0.9999999376209755,0.27898654350010116,0.2789865260971927,0
QVQLQESGPGLVRPSQTLSLTCTVSGFTFTDFYMNWVRQPPGRGLEWIGFIRDKAKGYTTEYNPSVKGRVTMLVDTSKNQFSLRLSSVTAADTAVYYCAREGHTAAPFDYWGQGSLVTVSS,1,0,0.8897686233032011,0.001304236075620161,0.0011604683374669203,0
QVQLQQSGAEVKKPGSSVRVSCKASGGTFNNNAINWVRQAPGQGLEWMGGIIPMFGTAKYSQNFQGRVAITADESTGTASMELSSLRSEDTAVYYCARSRDLLLFPHHALSPWGRGTMVTVSS,0,0,0.33779634622856025,0.868585208715737,0.29340490989234735,0
QVQLQQSGPEVVKPGASVKMSCKASGYTFTSYVIHWVRQKPGQGLDWIGYINPYNDGTDYDEKFKGKATLTSDTSTSTAYMELSSLRSEDTAVYYCAREKDNYATGAWFAYWGQGTLVTVSS,1,0,0.9999542481219937,4.585313098929682e-06,4.5851033122441595e-06,0
QVQLQQSGTVLARPGASVKMSCKASGYSFTRYWMHWIKQRPGQGLEWIGAIYPGNSDTSYNQKFEGKAKLTAVTSASTAYMELSSLTHEDSAVYYCSRDYGYYFDFWGQGTTLTVSS,0,0,0.0004948112762599913,0.9999730897582967,0.0004947979607689496,0
QVQLQQWGAGLLKPSETLSLTCAVYGGSFSGYYWSWIRQPPGKGLEWIGEINHSGSTNYNPSLKSRVTISVDTSKNQFSLKLSSVTAADTAVYYCARGYYDILTGYYYYFDYWGQGTLVTVSS,0,0,0.9639387891866469,0.9972958432648071,0.9613321476175541,0
QVQLQQWGAGLLKPSETLSLTCAVYGGSFSGYYWSWIRQPPGKGLEWIGEINHSGSTNYNPSLKSRVTISVDTSKNQFSLKLSSVTAADTAVYYCARVINWFDPWGQGTLVTVSS,1,0,0.9695018783134355,0.48877555270047585,0.4738688164167989,0
QVQLVESGGGLVKPGGSLRLSCAASGFTFSDYYMNWIRQAPGKGLEWVSYISSSGSIIYYADSVKGRFTISRDNAKNSLYLQMNSLRAEDTAVYYCAREGRIAARGMDVWGQGTTVTVSS,0,1,0.9749053615342456,0.07266151798892428,0.07083810346461931,0
QVQLVESGGGVVQPGRSLRLSCAASGFKFSGYGMHWVRQAPGKGLEWVAVIWYDGSKKYYVDSVKGRFTISRDNSKNTLYLQMNSLRAEDTAVYYCARQMGYWHFDLWGRGTLVTVSS,0,1,0.014748678888305859,0.15687075534348874,0.002313636397527106,0
QVQLVESGGGVVQPGRSLRLSCAASGFTFSVYGMNWVRQAPGKGLEWVAIIWYDGDNQYYADSVKGRFTISRDNSKNTLYLQMNGLRAEDTAVYYCARDLRTGPFDYWGQGTLVTVSS,1,0,0.02440627861158138,0.17373924822274034,0.004240328497890896,0
QVQLVQSDARVKKPGDSVIISCQFSGGPLRNYIINWLRQPPGTGPEWMGGIIPHLGTVHYHPKFQGRVIITADESRDIAYIHITNLREEDTAVYYCATETALVVSSGYQPHYFDNWGQGTLVIVSS,1,0,0.8714209810010295,0.9974468714235647,0.8691961311923305,0
QVQLVQSDSRVKKPGDSVIVSCQFSGGPLRNYIINWLRQPPGTGPEWMGGIIPVLGTVHYAPKFQGRVTITADESRDIAYIHLISLREEDTAMYYCATETALVVSTTYLPHYFDNWGQGTLVIVHS,1,1,0.69715762830596,0.6492207537063844,0.45260920090095075,1
QVQLVQSGAEVKKPGASVKVSCKASGYAFTYYLIEWVRQAPGQGLEWIGVINPGSGGTNYNEKFKGRATITADKSTSTAYMELSSLRSEDTAVYFCARNWMNFDYWGQGTTVTVSS,0,1,0.9988215553311743,0.9847955634282749,0.9836350363466697,0
QVQLVQSGAEVKKPGASVKVSCKASGYTFTNYYMHWVRQAPGQGLEWVGWINPYTGSAFYAQKFRGRVTMTRDTSISTAYMELSRLRSDDTAVYYCAREPEKFDSDDSDVWGRGTLVTVSS,0,0,0.044991050667978975,0.7088446895600433,0.031891667343723736,0
QVQLVQSGAEVKKPGASVKVSCKASGYTFTRYGISWVRQAPGQGLEWMGWISTYSGNTNYAQKLQGRVTMTTDTSTSTAYMELRSLRSDDTAVYYCARRQLYFDYWGQGTLVTVSS,1,1,0.0037844907038152454,0.9982273212151312,0.0037777820174330593,1
QVQLVQSGAEVKKPGASVKVSCKGSGYTFTSYWMHWVRQAPGQRLEWIGEIDPSESNTNYNQKFKGRVTLTVDISASTAYMELSSLRSEDTAVYYCARGGYDGWDYAIDYWGQGTLVTVSS,1,1,0.08580200912120035,0.997069072866562,0.08555052968456353,1
QVQLVQSGAEVKKPGASVKVSCKVSGFPIKDTFQHWVRQAPGKGLEWMGWSDPEIGDTEYASKFQGRVTMTEDTSTDTAYMELSSLRSEDTAVYYCATGDTTYKFDFWGQGTTVTVSS,0,0,0.4100586429225219,6.481610744743158e-05,2.657840505941416e-05,0
QVQLVQSGAEVKKPGASVKVSCKVSGYTLSDLSIHWVRQAPGKGLEWMGGFDPQDGETIYAQKFQGRVTMTEDTSTDTAYMELSSLKSEDTAVYYCATGSSSSWFDPWGQGTLVTVSS,1,0,0.9665615718206676,0.007654526777896305,0.007398571433986843,0
QVQLVQSGAEVKKPGSSVKVSCKASGGTFSFYAISWVRQAPGQGLEWMGGFIPIFGAANYAQKFQGRVTITADESTSTAYMELSSLRSDDTAVYYCARIPSGSYYYDYDMDVWGQGTTVTVSS,0,1,0.005682757409016503,0.9600034958458026,0.005455466978699478,0
QVQLVQSGAEVKKPGSSVKVSCKASGYAFSYSWINWVRQAPGQGLEWMGRIFPGDGDTDYNGKFKGRVTITADKSTSTAYMELSSLRSEDTAVYYCARNVFDGYWLVYWGQGTLVTVSS,1,1,0.8810134116321238,0.9989925035371326,0.8801257937361657,1
QVQLVQSGAEVKKPGSSVKVSCKASGYTFTSYRMHWVRQAPGQGLEWIGYINPSTGYTEYNQKFKDKATITADESTNTAYMELSSLRSEDTAVYYCARGGGVFDYWGQGTLVTVSS,1,1,0.9987286889626822,0.543604800356956,0.5429137095743233,1
QVQLVQSGAEVKKPGSSVKVSCKTSGGTYGTYSINWVRQAPGQGLEWMGAIIPIFGKTNYAQKFQGRVTITADSSTNTAYMELTSLTSEDTAMYYCARVEDTALDHYFDYWGQGALVTVSS,0,1,0.22334075143207407,0.9921391171387984,0.2215850959469338,0
QVQLVQSGAEVKKPGSSVMVSCQASGGPLRNYIINWLRQPPGQGPEWMGGIIPSLGTVHYAPKFQGRVTITADESTDTAYIHLISLRSEDTAMYYCATETALVVSTTYLPHYFDNWGQGTLVTVSS,1,1,0.9806835185898112,0.8928823808872874,0.875635034975393,1
QVQLVQSGAEVKRPGASVKVSCKASGYTFTNDIIHWVRQAPGQRLEWMGWINAGYGNTQYSQNFQDRVSITRDTSASTAYMELISLRSEDTAVYYCAREPLWFGESSPHDYYGMDVWGQGTTVTVSS,1,1,0.9999992577885419,0.9800255921819352,0.9800248647957115,1
QVQLVQSGPEVKKPGSSVKVSCKTSSGTYGTYSINWVRQAPGQGLEWMGAIIPIFGKTNYHQKFQGRVTITADSSTNTAYMELTSLTSEDTAMYYCARVEDTALDHYFDYWGQGALVTVSS,1,1,0.1523980621288464,0.8470462541077515,0.12908820765951973,1
QVQLVQSGPEVKKPGSSVKVSCKTSSGTYSTYSINWVRQAPGQGLEWMGAIIPIFGITRYHQKFQGRVTITADSSTNTAYMELTNLTSEDTAMYYCARVEDTALDHYFDYWGQGALVIVSS,0,0,0.7776096457952564,0.9980286440303492,0.7760767003779598,0
QVQLVQSGPEVKKPGSSVMVSCQASGGPLRNYIINWLRQPPGQGPEWMGGIIPVLGTVHYAPKFQGRVTITADESTDIAYIHLINLRSEDTAMYYCATETALVVSTTYLPHYFDNWGQGTLVIVSS,0,0,0.9932141629124691,0.9025303984510817,0.8964059742006484,0
QVQLVQSGPEVKKPGSSVMVSCQASGGPLRNYIINWLRQPPGQGPEWMGGIIPVLGTVHYAPKFQGRVTITADESTDTAYIHLINLRSEDTAMYYCATETALVVSTTYLPHYFDNWGQGTLVIVSS,1,1,0.9919431640796864,0.9500852549147081,0.942430573905551,1
QVQLVQSGPEVRKPGSSVKVSCKTSSGTYSTYSINWVRQAPGQGLEWMGAIIPIFGITRYHQKFQGRVTITADSSTNTAYMELTNLTSEDTAMYYCARVEDTALDHYFDYWGQGALVIVSS,0,0,0.9493812121449996,0.9969711642080452,0.9465056923494454,0
QVTLQESGPDLVKPGQTLTLTCTFDGFSLSHPGMSVGWIRQPPGKSLEWLADIWWDDKKYYNPSLKDRLRIYKDESKNQVVLKVTNMDPSDTATYYCARSMIFNFYFDVWGQGMTVTVSS,1,1,0.9028363116541289,0.2233817588655173,0.20167716326495566,1
QVTLRESGPALVKPTQTLTLTCTFSGFSLSTSGMSVGWIRQPPGKALEWLADIWWDDKKDYNPSLKSRLTISKDTSKNQVVLKVTNMDPADTATYYCARSMITNWYFDVWGAGTTVTVSS,1,1,0.5176349259280415,0.36457040296780113,0.18871437353579398,1
QVTLRESGPSLVKPTQTLTLTCTFSGFSLSRAGMSVGWIRQPPGKSLEWLADIWWDGKTYYNPSLKDRLTISKDTSKNQVVLKVTNMDPADTATYYCARDMIFNFYFDVWGQGTTVTVSS,0,1,0.1311214698898223,0.31843873768285547,0.04175415535483555,0
VQLHTSGGGVVPPGRSLRLVCYASGFSFSHYAMHWVRQPPGDGLEWVAVISYDGENTYYHPSVHGRFSISRDNSKNVVYLQMNSLQPEDTALYYCARDRIVDDYYYYGMDVWGQGAMVIVSS,1,1,0.0008637952661891473,0.9995966921262236,0.0008634468907569625,1
VQLVEDGGGIVQPGRSLRLSCYARGFDFHHYAMHWVRQPPGDGLEWVAVISYDGEQTYYADSVKGRFSISRDNSKNTVYLQMNSLQPEDTALYYCARDRIVDDVYYYGMDVWGQGAMVIVDS,1,1,0.6879344995372577,0.9639892474064641,0.6631614604738636,1
VQLVESGGGVVQPGRSLRLSCAASGFSFSHYAMHWVRQPPGKGLEWVAVISYDGEITYYADSVKGRFSISRDNSKNTVSLQMNSLRPEDTALYYCARDRIVDDYYYYGMDVWGQGATVTVSS,1,1,0.7354604866751444,0.8249779899467945,0.6067387139825519,1
VQLVESGGGVVQPGRSLRLSCAASGFSFSHYAMHWVRQPPGKGLEWVAVISYDGENTYYADSVKGRFSISRDNSKNTVSLQMNSLRPEDTALYYCARDRIVDDYYYYGMDVWGQGATVTVSS,1,1,0.6782604945638095,0.9212556163030778,0.6248512899334128,1
VQLVESGGGVVQPGRSLRLSCQASGFSFSHYAMHWVRQPPGKGLEWVAVISYDGEKTYYADSVKGRFSISRDNSKNTVHLQMNNLRPEDTALYYCARDRIVDDYYYYGMDVWGQGATVTVSS,1,1,0.7829649901575906,0.9995961700973336,0.782648805481824,1
VQLVESGGGVVQPGRSLRLSCVASGFAFSHYAMHWVRQPPGKGLEWVAVISYDGEKTYYADSVKGRFSITRDNSKNTVHLQMNNLRPEDTALYYCARDRIVDDYYYYGMDVWGQGATVIVSS,1,1,0.6444551773807304,0.9993111196595047,0.6440112248787024,1
VQLVESGGGVVQPGRSLRLSCVASGFSFSHYAMHWVRQAPGKGLEWVAVISYDGEITYYHDSVKGRFSISRDNSKNTVYLQMNNLRPEDTALYYCARDRIVDDYYYYGMDVWGQGATVTVSS,0,1,0.16418279805070113,0.9599917097076133,0.15761412500527236,0
VQLVESGGGVVQPGRSLRLSCVASGFSFSHYAMHWVRQAPGKGLEWVAVISYDGEITYYHDSVKGRFSISRDNSKNTVYLQMNSLRPEDTALYYCARDRIVDDYYYYGMDVWGQGATVTVSS,0,0,0.2134483188459947,0.8971600113333765,0.19149729615496275,0
VQLVESGGGVVQPGRSLRLSCVASGFSFSHYAMHWVRQPPGKGLEWVAVISYDGEITYYADSVKGRFSISRDNSKNTVHLQMNNLRPEDTALYYCARDRIVDDYYYYGMDVWGQGATVTVSS,0,1,0.4248520392938241,0.9953296663608842,0.4228678385230632,0
VQLVESGGGVVQPGRSLRLSCVASGFSFSHYAMHWVRQPPGKGLEWVAVISYDGEYTYYADSVKGRFSISRDNSKNTVHLQMNNLRPEDTALYYCARDRIVDDYYYYGMDVWGQGATVIVSS,0,1,0.5116649721073538,0.9983715865765034,0.5108317699984412,0
VQLVESGGGVVQPGRSLRLSCVASGFSFSHYAMHWVRQPPGKGLEWVAVISYDGKYTYYADSVKGRFSISRDNSKNTVHLQMNNLRPEDTALYYCARDRIVDDYYYYGMDVWGQGATVIVSS,0,1,0.586754626028241,0.983267322004388,0.5769366498084747,0
